Method,Accuracy,Precision,Recall,F1-score,Macro-AUC
Soft Voting,0.9814814814814815,0.9880952380952381,0.9770833333333333,0.9821730336779636,1.0
Hard Voting,0.9814814814814815,0.9880952380952381,0.9770833333333333,0.9821730336779636,0.9848651960784314
